{"mean_dataset_synonyms": 47.657824933687, "mean_model_synonyms": 31.15702479338843, "mean_vocab_synonyms": 20.903657142857142, "std_dataset_synonyms": 225.1166090957302, "std_model_synonyms": 96.72505194515415, "std_vocab_synonyms": 89.46490598982466}